Departamento,OS
Frontend,macOS
Frontend,macOS
Frontend,Windows
Frontend,macOS
Frontend,Linux
Frontend,macOS
Frontend,Windows
Frontend,macOS
Frontend,macOS
Frontend,Windows
Frontend,macOS
Frontend,Linux
Frontend,macOS
Frontend,Windows
Frontend,macOS
Frontend,macOS
Frontend,Linux
Frontend,Windows
Frontend,macOS
Frontend,macOS
Frontend,Windows
Frontend,macOS
Frontend,Linux
Frontend,macOS
Frontend,Windows
Frontend,macOS
Frontend,macOS
Frontend,Windows
Frontend,Linux
Frontend,macOS
Frontend,macOS
Frontend,Windows
Frontend,macOS
Frontend,Linux
Frontend,macOS
Frontend,Windows
Frontend,macOS
Frontend,macOS
Frontend,Linux
Frontend,Windows
Backend,Linux
Backend,Linux
Backend,Windows
Backend,Linux
Backend,Linux
Backend,macOS
Backend,Linux
Backend,Windows
Backend,Linux
Backend,Linux
Backend,macOS
Backend,Linux
Backend,Windows
Backend,Linux
Backend,Linux
Backend,macOS
Backend,Linux
Backend,Windows
Backend,Linux
Backend,Linux
Backend,macOS
Backend,Linux
Backend,Windows
Backend,Linux
Backend,Linux
Backend,macOS
Backend,Linux
Backend,Windows
Backend,Linux
Backend,Linux
Backend,macOS
Backend,Linux
Backend,Windows
Backend,Linux
Backend,Linux
Backend,macOS
Backend,Linux
Backend,Windows
Backend,Linux
Backend,Linux
Data Science,Linux
Data Science,macOS
Data Science,Windows
Data Science,Linux
Data Science,macOS
Data Science,Linux
Data Science,Windows
Data Science,macOS
Data Science,Linux
Data Science,Windows
Data Science,macOS
Data Science,Linux
Data Science,Windows
Data Science,macOS
Data Science,Linux
Data Science,macOS
Data Science,Windows
Data Science,Linux
Data Science,macOS
Data Science,Linux
Data Science,Windows
Data Science,macOS
Data Science,Linux
Data Science,Windows
Data Science,macOS
Data Science,Linux
Data Science,Windows
Data Science,macOS
Data Science,Linux
Data Science,macOS
Data Science,Windows
Data Science,Linux
Data Science,macOS
Data Science,Linux
Data Science,Windows
Data Science,macOS
Data Science,Linux
Data Science,Windows
Data Science,macOS
Data Science,Linux